日時,元ファイル,新ファイル,ステータス,メッセージ
2026/5/26 14:53,20250304_Active Gate・Vault_見積書・注文書_14938654.pdf,,SKIP,注文書のため対象外
2026/5/26 14:53,20250310_Active Gate・Vault_注文書_14938075.pdf,,SKIP,注文書のため対象外
2026/5/26 14:53,20250310_Active Gate・Vault_注文書_14938643.pdf,,SKIP,注文書のため対象外
2026/5/26 14:53,20250310_Active Gate・Vault_注文書_14938654.pdf,,SKIP,注文書のため対象外
2026/5/26 14:53,20250610_Active Gate・Vault_注文書_14976018.pdf,,SKIP,注文書のため対象外
2026/5/26 14:53,20250610_Active Gate・Vault_見積書・注文書_14976018.pdf,,SKIP,注文書のため対象外
2026/5/26 14:53,20250611_Active Gate・Vault_見積書・注文書_14976789.pdf,,SKIP,注文書のため対象外
2026/5/26 14:53,20250612_Active Gate・Vault_注文書_14976789.pdf,,SKIP,注文書のため対象外
2026/5/26 14:53,20251203_Active Gate・Vault_見積書・注文書_15043187.pdf,,SKIP,注文書のため対象外
2026/5/26 14:53,20251209_Active Gate・Vault_注文書_15043187.pdf,,SKIP,注文書のため対象外
2026/5/26 14:53,利用申込書_〇〇株式会社_2026-01-05 19-30_Nホス追記.pdf,,SKIP,注文書のため対象外
2026/5/26 14:53,20250325_Adobe_見積書・注文書_14946300.pdf,,SKIP,注文書のため対象外
2026/5/26 14:53,20250328_Adobe_注文書_14946300.pdf,,SKIP,注文書のため対象外
2026/5/26 14:53,20250730_Adobe_見積書・注文書_14995934.pdf,,SKIP,注文書のため対象外
2026/5/26 14:53,20250804_Adobe_注文書_14995934.pdf,,SKIP,注文書のため対象外
2026/5/26 14:53,20260304_Adobe_見積書・注文書_15077473.pdf,,SKIP,注文書のため対象外
2026/5/26 14:53,20260309_Adobe_注文書_15077473.pdf,,SKIP,注文書のため対象外
2026/5/26 14:53,20260407_Adobe_見積書_15090736.pdf,,SKIP,命名規則一致
2026/5/26 14:53,20260410_Adobe_注文書_15090736.pdf,,SKIP,注文書のため対象外
2026/5/26 14:53,20251014_Android Enterprise_見積書・注文書_15016579.pdf,,SKIP,注文書のため対象外
2026/5/26 14:53,20251017_Android Enterprise_注文書_15016579.pdf,,SKIP,注文書のため対象外
2026/5/26 14:53,20250304_Lanscopeライセンス_見積書・注文書_14938643.pdf,,SKIP,注文書のため対象外
2026/5/26 14:53,20250310_Lanscopeライセンス_注文書_14938643.pdf,,SKIP,注文書のため対象外
2026/5/26 14:53,20251010_Lanscopeライセンス_見積書・注文書_15023297.pdf,,SKIP,注文書のため対象外
2026/5/26 14:53,20251017_Lanscopeライセンス_注文書_15023297.pdf,,SKIP,注文書のため対象外
2026/5/26 14:53,20260302_Lanscopeライセンス_見積書・注文書_15076226.pdf,,SKIP,注文書のため対象外
2026/5/26 14:53,20260303_Lanscopeライセンス_見積書・注文書_15077088.pdf,,SKIP,注文書のため対象外
2026/5/26 14:53,20260305_Lanscopeライセンス_注文書_15076226.pdf,,SKIP,注文書のため対象外
2026/5/26 14:53,20260407_Lanscopeライセンス_見積書_15082327.pdf,,SKIP,命名規則一致
2026/5/26 14:53,20260407_Lanscopeライセンス_見積書_15082328.pdf,,SKIP,命名規則一致
2026/5/26 14:53,20260410_Lanscopeライセンス_注文書_15082328.pdf,,SKIP,注文書のため対象外
2026/5/26 14:53,20260410_Lanscopeライセンス更新_注文書_15082327.pdf,,SKIP,注文書のため対象外
2026/5/26 14:53,20250122_Lanscopeリモートデスクトップ_見積書・注文書_14920640.pdf,,SKIP,注文書のため対象外
2026/5/26 14:53,20250124_Lanscopeリモートデスクトップ_注文書_14920640.pdf,,SKIP,注文書のため対象外
2026/5/26 14:53,20260203_Lanscopeリモートデスクトップ_見積書・注文書_15065651.pdf,,SKIP,注文書のため対象外
2026/5/26 14:53,20260210_Lanscopeリモートデスクトップ_注文書_15065651.pdf,,SKIP,注文書のため対象外
2026/5/26 14:53,20250627_Lanscope紛失対応オプション_見積書・注文書_14979859.pdf,,SKIP,注文書のため対象外
2026/5/26 14:53,20250709_Lanscope紛失対応オプション_注文書_14979859.pdf,,SKIP,注文書のため対象外
2026/5/26 14:53,20250220_Ｍ365_注文書_14933568.pdf,,SKIP,注文書のため対象外
2026/5/26 14:53,20250220_Ｍ365_見積書・注文書_14933568.pdf,,SKIP,注文書のため対象外
2026/5/26 14:53,20250304_Ｍ365_見積書・注文書_14938075.pdf,,SKIP,注文書のため対象外
2026/5/26 14:53,20250310_Ｍ365_注文書_14938075.pdf,,SKIP,注文書のため対象外
2026/5/26 14:53,20250314_Ｍ365_見積書・注文書_14943312.pdf,,SKIP,注文書のため対象外
2026/5/26 14:53,20250317_Ｍ365_注文書_14943312.pdf,,SKIP,注文書のため対象外
2026/5/26 14:53,20250318_Ｍ365_見積書・注文書_14944223.pdf,,SKIP,注文書のため対象外
2026/5/26 14:53,20250328_Ｍ365_注文書_14944223.pdf,,SKIP,注文書のため対象外
2026/5/26 14:53,20250422_Ｍ365_見積書・注文書_14957312.pdf,,SKIP,注文書のため対象外
2026/5/26 14:53,20250428_Ｍ365_注文書_14957312.pdf,,SKIP,注文書のため対象外
2026/5/26 14:53,20250602_Ｍ365_見積書・注文書_14972757.pdf,,SKIP,注文書のため対象外
2026/5/26 14:53,20250602_Ｍ365_見積書・注文書_14972759.pdf,,SKIP,注文書のため対象外
2026/5/26 14:53,20250610_Ｍ365_注文書_14972757.pdf,,SKIP,注文書のため対象外
2026/5/26 14:53,20250610_Ｍ365_注文書_14972759.pdf,,SKIP,注文書のため対象外
2026/5/26 14:53,20250715_Ｍ365_注文書_14990667.pdf,,SKIP,注文書のため対象外
2026/5/26 14:53,20250715_Ｍ365_見積書・注文書_14990667.pdf,,SKIP,注文書のため対象外
2026/5/26 14:53,20250801_Ｍ365_注文書_14997036.pdf,,SKIP,注文書のため対象外
2026/5/26 14:53,20250801_Ｍ365_見積書・注文書_14997036.pdf,,SKIP,注文書のため対象外
2026/5/26 14:53,20250918_Ｍ365_見積書・注文書_15014588.pdf,,SKIP,注文書のため対象外
2026/5/26 14:53,20250922_Ｍ365_注文書_15014588.pdf,,SKIP,注文書のため対象外
2026/5/26 14:53,20260210_M365_見積書・注文書_15068887.pdf,,SKIP,注文書のため対象外
2026/5/26 14:53,20260212_M365_注文書_15068887.pdf,,SKIP,注文書のため対象外
2026/5/26 14:53,20260218_Microsoft365ライセンス_見積書・注文書_15072399.pdf,,SKIP,注文書のため対象外
2026/5/26 14:53,20260305_M365更新_注文書_15072399.pdf,,SKIP,注文書のため対象外
2026/5/26 14:53,20260417_Microsoft365ライセンス_見積書_15095034.pdf,,SKIP,命名規則一致
2026/5/26 14:53,20260422_Microsoft365_注文書_15095034.pdf,,SKIP,注文書のため対象外
2026/5/26 14:53,20260508_Microsoft365ライセンス_見積書_15100746.pdf,,SKIP,命名規則一致
2026/5/26 14:53,20260513_Microsoft365ライセンス_注文書_15100746.pdf,,SKIP,注文書のため対象外
2026/5/26 14:53,20250314_モニター_見積書・注文書_14942951.pdf,,SKIP,注文書のため対象外
2026/5/26 14:53,20250317_モニター_注文書_14942951.pdf,,SKIP,注文書のため対象外
2026/5/26 14:53,20250623_モニター_見積書・注文書_14981218.pdf,,SKIP,注文書のため対象外
2026/5/26 14:53,20250701_モニター_注文書_14981218.pdf,,SKIP,注文書のため対象外
2026/5/26 14:53,20250627_周辺機器_見積書・注文書_14983642.pdf,,SKIP,注文書のため対象外
2026/5/26 14:53,20250701_周辺機器_注文書_14983642.pdf,,SKIP,注文書のため対象外
2026/5/26 14:53,20260415_周辺機器_見積書_15093853.pdf,,SKIP,命名規則一致
2026/5/26 14:53,20260422_周辺機器_注文書_15093853.pdf,,SKIP,注文書のため対象外
2026/5/26 14:53,20260512_周辺機器_見積書_15101617.pdf,,SKIP,命名規則一致
2026/5/26 14:53,見積／注文書(15097987)_〇〇株式会社_〇〇様.pdf,20260427_周辺機器_見積書_15097987.pdf,RENAMED,自社処理
2026/5/26 14:53,【20250909】見積書(15010986)_〇〇株式会社_〇〇様.pdf,,SKIP,oldフォルダ
2026/5/26 14:53,【20251024】見積／注文書(15027884)_〇〇株式会社_〇〇様.pdf,,SKIP,oldフォルダ
2026/5/26 14:53,見積／注文書(15083301)_〇〇株式会社_〇〇様.pdf,,SKIP,oldフォルダ
2026/5/26 14:53,見積／注文書(15090091)_〇〇株式会社_〇〇様.pdf,,SKIP,oldフォルダ
2026/5/26 14:53,見積／注文書(15092900)_〇〇株式会社_〇〇様.pdf,,SKIP,oldフォルダ
2026/5/26 14:53,見積／注文書(15097987)_〇〇株式会社_〇〇様.pdf,,SKIP,oldフォルダ
2026/5/26 14:53,20260408_モニター_見積書_15090787.pdf,,SKIP,oldフォルダ
2026/5/26 14:53,見積／注文書(15000313)_〇〇株式会社_〇〇様.pdf,,SKIP,oldフォルダ
2026/5/26 14:53,見積／注文書(15090787)_〇〇株式会社_〇〇様.pdf,,SKIP,oldフォルダ
2026/5/26 14:53,20250918_〇〇さんPC_見積書・注文書_15014732.pdf,,SKIP,注文書のため対象外
2026/5/26 14:53,20251006_〇〇さんPC_注文書_15014732.pdf,,SKIP,注文書のため対象外
2026/5/26 14:53,20251204_PC_見積書・注文書_15039008.pdf,,SKIP,注文書のため対象外
2026/5/26 14:53,20251212_PC_注文書_15039008.pdf,,SKIP,注文書のため対象外
2026/5/26 14:53,20251205_PC_見積書・注文書_15044244.pdf,,SKIP,注文書のため対象外
2026/5/26 14:53,20251209_PC_注文書_15044244.pdf,,SKIP,注文書のため対象外
2026/5/26 14:53,90807264_佐藤さんPC_請求書&納品書_20251226.PDF,,SKIP,注文書のため対象外
2026/5/26 14:53,20260114_PC_見積書・注文書_15056625.pdf,,SKIP,注文書のため対象外
2026/5/26 14:53,20260119_PC_注文書_15056625.pdf,,SKIP,注文書のため対象外
2026/5/26 14:53,20260203_PC_見積書・注文書_15065417.pdf,,SKIP,注文書のため対象外
2026/5/26 14:53,20260210_PC_注文書_15065417.pdf,,SKIP,注文書のため対象外
2026/5/26 14:53,20260109_PC_見積書・注文書_15055621.pdf,,SKIP,注文書のため対象外
2026/5/26 14:53,20260114_PC_注文書_15055621.pdf,,SKIP,注文書のため対象外
2026/5/26 14:53,見積書(15081518)_〇〇株式会社_〇〇様.pdf,,SKIP,oldフォルダ
2026/5/26 14:53,見積／注文書(15044245)_〇〇株式会社_〇〇様.pdf,,SKIP,oldフォルダ
2026/5/26 14:53,20250609_〇〇さんPC_見積書・注文書_14975919.pdf,,SKIP,注文書のため対象外
2026/5/26 14:53,20250611_〇〇さんPC_注文書_14975919.pdf,,SKIP,注文書のため対象外
2026/5/26 14:53,20260312_PC_見積書_15081474.pdf,,SKIP,命名規則一致
2026/5/26 14:53,20260326_PC_注文書_15081474.pdf,,SKIP,注文書のため対象外
2026/5/26 14:53,20250603_〇〇さんPC（新規）_見積書_14973450.pdf,,SKIP,命名規則一致
2026/5/26 14:53,20250604_〇〇さんPC_見積書・注文書_14973450.pdf,,SKIP,注文書のため対象外
2026/5/26 14:53,20250604_〇〇さんPC（新規）_見積書・注文書_14973450.pdf,,SKIP,注文書のため対象外
2026/5/26 14:53,20250609_〇〇さんPC_注文書_14973450.pdf,,SKIP,注文書のため対象外
2026/5/26 14:53,20250609_〇〇さんPC（新規）_注文書_14973450.pdf,,SKIP,注文書のため対象外
2026/5/26 14:53,【20250604】見積／注文書(14973450)_〇〇株式会社_〇〇様.pdf,,SKIP,同名ファイル既存
2026/5/26 14:53,【20250609】注文書(14973450).pdf,,SKIP,注文書のため対象外
2026/5/26 14:53,20260303_〇〇さんPC（不具合）_見積書・注文書_15077346.pdf,,SKIP,注文書のため対象外
2026/5/26 14:53,20260309_〇〇さんPC（不具合）_注文書_15077346.pdf,,SKIP,注文書のため対象外
2026/5/26 14:53,PCスペック情報 20250603.pdf,,SKIP,oldフォルダ
2026/5/26 14:53,DELLスペック詳細情報 20250512.pdf,,SKIP,oldフォルダ
2026/5/26 14:53,Dynabookスペック詳細情報 20250509.pdf,,SKIP,oldフォルダ
2026/5/26 14:53,HPスペック詳細情報 20250509.pdf,,SKIP,oldフォルダ
2026/5/26 14:53,【〇〇様】 Dynabook G83LY 構成 20250606.pdf,,SKIP,oldフォルダ
2026/5/26 14:53,【〇〇様】 Dynabook SJ73KY 構成 20250606.pdf,,SKIP,oldフォルダ
2026/5/26 14:53,見積書(14963277)_〇〇株式会社_〇〇様.pdf,,SKIP,oldフォルダ
2026/5/26 14:53,見積書(14974942)_〇〇株式会社_〇〇様.pdf,,SKIP,oldフォルダ
2026/5/26 14:53,【〇〇様】 PCスペック詳細情報 20250909.pdf,,SKIP,oldフォルダ
2026/5/26 14:53,【〇〇様】 PC作業詳細 20250909.pdf,,SKIP,oldフォルダ
2026/5/26 14:53,【20250310】注文書（まとめて3部）.pdf,,SKIP,oldフォルダ
2026/5/26 14:53,【20250408】×見積／注文書(14951962)_〇〇株式会社_〇〇様.pdf,,SKIP,oldフォルダ
2026/5/26 14:53,【20250408】×見積／注文書(14951963)_〇〇株式会社_〇〇様.pdf,,SKIP,oldフォルダ
2026/5/26 14:53,見積／注文書(15086229)_〇〇株式会社_〇〇様.pdf,,SKIP,oldフォルダ
2026/5/26 14:53,見積／注文書(15091317)_〇〇株式会社_〇〇様.pdf,,SKIP,oldフォルダ
2026/5/26 14:53,見積／注文書(15077088)_〇〇株式会社_〇〇様.pdf,,SKIP,oldフォルダ
2026/5/26 14:53,見積／注文書(15082327)_〇〇株式会社_〇〇様.pdf,,SKIP,oldフォルダ
2026/5/26 14:53,見積／注文書(15082328)_〇〇株式会社_〇〇様.pdf,,SKIP,oldフォルダ
2026/5/26 14:53,20260217_Adobe_見積書・注文書_15068646.pdf,,SKIP,oldフォルダ
2026/5/26 14:53,20260306_Active Gate・Vault_見積書_15079406.pdf,,SKIP,oldフォルダ
2026/5/26 14:53,【20250310】注文書（まとめて3部）.pdf,,SKIP,oldフォルダ
2026/5/26 14:53,見積／注文書(15079406)_〇〇株式会社_〇〇様.pdf,,SKIP,oldフォルダ
2026/5/26 14:53,JH6473_注文書_20260323.pdf,,SKIP,注文書のため対象外（B社）
2026/5/26 14:53,JH6473_見積書_20260317.pdf,,SKIP,命名規則一致（B社）
2026/5/26 14:53,JI8411_注文書_20260324.pdf,,SKIP,注文書のため対象外（B社）
2026/5/26 14:53,JI8411_見積書_20260323.pdf,,SKIP,命名規則一致（B社）
2026/5/26 14:53,JS5863_注文書_20260410.pdf,,SKIP,注文書のため対象外（B社）
2026/5/26 14:53,JS5863_見積書_20260408.pdf,,SKIP,命名規則一致（B社）
2026/5/26 14:53,JW5150_注文書_20260422.pdf,,SKIP,注文書のため対象外（B社）
2026/5/26 14:53,JW5150_見積書_20260416.pdf,,SKIP,命名規則一致（B社）
2026/5/26 14:53,KF3653_注文書_20260518.pdf,,SKIP,注文書のため対象外（B社）
2026/5/26 14:53,KF3653_見積書_20260507.pdf,,SKIP,命名規則一致（B社）
2026/5/26 14:53,KG3792_注文書_20260520.pdf,,SKIP,注文書のため対象外（B社）
2026/5/26 14:53,JL9549　〇〇株式会社　〇〇様.pdf,,SKIP,oldフォルダ
2026/5/26 14:53,JO0469　〇〇株式会社　〇〇様.pdf,,SKIP,oldフォルダ
2026/5/26 14:53,KB0445　〇〇株式会社　〇〇様.pdf,,SKIP,oldフォルダ
2026/5/26 15:01,20250304_Active Gate・Vault_見積書・注文書_14938654.pdf,,SKIP,注文書のため対象外
2026/5/26 15:01,20250310_Active Gate・Vault_注文書_14938075.pdf,,SKIP,注文書のため対象外
2026/5/26 15:01,20250310_Active Gate・Vault_注文書_14938643.pdf,,SKIP,注文書のため対象外
2026/5/26 15:01,20250310_Active Gate・Vault_注文書_14938654.pdf,,SKIP,注文書のため対象外
2026/5/26 15:01,20250610_Active Gate・Vault_注文書_14976018.pdf,,SKIP,注文書のため対象外
2026/5/26 15:01,20250610_Active Gate・Vault_見積書・注文書_14976018.pdf,,SKIP,注文書のため対象外
2026/5/26 15:01,20250611_Active Gate・Vault_見積書・注文書_14976789.pdf,,SKIP,注文書のため対象外
2026/5/26 15:01,20250612_Active Gate・Vault_注文書_14976789.pdf,,SKIP,注文書のため対象外
2026/5/26 15:01,20251203_Active Gate・Vault_見積書・注文書_15043187.pdf,,SKIP,注文書のため対象外
2026/5/26 15:01,20251209_Active Gate・Vault_注文書_15043187.pdf,,SKIP,注文書のため対象外
2026/5/26 15:01,利用申込書_〇〇株式会社_2026-01-05 19-30_Nホス追記.pdf,,SKIP,注文書のため対象外
2026/5/26 15:01,20250325_Adobe_見積書・注文書_14946300.pdf,,SKIP,注文書のため対象外
2026/5/26 15:01,20250328_Adobe_注文書_14946300.pdf,,SKIP,注文書のため対象外
2026/5/26 15:01,20250730_Adobe_見積書・注文書_14995934.pdf,,SKIP,注文書のため対象外
2026/5/26 15:01,20250804_Adobe_注文書_14995934.pdf,,SKIP,注文書のため対象外
2026/5/26 15:01,20260304_Adobe_見積書・注文書_15077473.pdf,,SKIP,注文書のため対象外
2026/5/26 15:01,20260309_Adobe_注文書_15077473.pdf,,SKIP,注文書のため対象外
2026/5/26 15:01,20260407_Adobe_見積書_15090736.pdf,,SKIP,命名規則一致
2026/5/26 15:01,20260410_Adobe_注文書_15090736.pdf,,SKIP,注文書のため対象外
2026/5/26 15:01,20251014_Android Enterprise_見積書・注文書_15016579.pdf,,SKIP,注文書のため対象外
2026/5/26 15:01,20251017_Android Enterprise_注文書_15016579.pdf,,SKIP,注文書のため対象外
2026/5/26 15:01,20250304_Lanscopeライセンス_見積書・注文書_14938643.pdf,,SKIP,注文書のため対象外
2026/5/26 15:01,20250310_Lanscopeライセンス_注文書_14938643.pdf,,SKIP,注文書のため対象外
2026/5/26 15:01,20251010_Lanscopeライセンス_見積書・注文書_15023297.pdf,,SKIP,注文書のため対象外
2026/5/26 15:01,20251017_Lanscopeライセンス_注文書_15023297.pdf,,SKIP,注文書のため対象外
2026/5/26 15:01,20260302_Lanscopeライセンス_見積書・注文書_15076226.pdf,,SKIP,注文書のため対象外
2026/5/26 15:01,20260303_Lanscopeライセンス_見積書・注文書_15077088.pdf,,SKIP,注文書のため対象外
2026/5/26 15:01,20260305_Lanscopeライセンス_注文書_15076226.pdf,,SKIP,注文書のため対象外
2026/5/26 15:01,20260407_Lanscopeライセンス_見積書_15082327.pdf,,SKIP,命名規則一致
2026/5/26 15:01,20260407_Lanscopeライセンス_見積書_15082328.pdf,,SKIP,命名規則一致
2026/5/26 15:01,20260410_Lanscopeライセンス_注文書_15082328.pdf,,SKIP,注文書のため対象外
2026/5/26 15:01,20260410_Lanscopeライセンス更新_注文書_15082327.pdf,,SKIP,注文書のため対象外
2026/5/26 15:01,20250122_Lanscopeリモートデスクトップ_見積書・注文書_14920640.pdf,,SKIP,注文書のため対象外
2026/5/26 15:01,20250124_Lanscopeリモートデスクトップ_注文書_14920640.pdf,,SKIP,注文書のため対象外
2026/5/26 15:01,20260203_Lanscopeリモートデスクトップ_見積書・注文書_15065651.pdf,,SKIP,注文書のため対象外
2026/5/26 15:01,20260210_Lanscopeリモートデスクトップ_注文書_15065651.pdf,,SKIP,注文書のため対象外
2026/5/26 15:01,20250627_Lanscope紛失対応オプション_見積書・注文書_14979859.pdf,,SKIP,注文書のため対象外
2026/5/26 15:01,20250709_Lanscope紛失対応オプション_注文書_14979859.pdf,,SKIP,注文書のため対象外
2026/5/26 15:01,20250220_Ｍ365_注文書_14933568.pdf,,SKIP,注文書のため対象外
2026/5/26 15:01,20250220_Ｍ365_見積書・注文書_14933568.pdf,,SKIP,注文書のため対象外
2026/5/26 15:01,20250304_Ｍ365_見積書・注文書_14938075.pdf,,SKIP,注文書のため対象外
2026/5/26 15:01,20250310_Ｍ365_注文書_14938075.pdf,,SKIP,注文書のため対象外
2026/5/26 15:01,20250314_Ｍ365_見積書・注文書_14943312.pdf,,SKIP,注文書のため対象外
2026/5/26 15:01,20250317_Ｍ365_注文書_14943312.pdf,,SKIP,注文書のため対象外
2026/5/26 15:01,20250318_Ｍ365_見積書・注文書_14944223.pdf,,SKIP,注文書のため対象外
2026/5/26 15:01,20250328_Ｍ365_注文書_14944223.pdf,,SKIP,注文書のため対象外
2026/5/26 15:01,20250422_Ｍ365_見積書・注文書_14957312.pdf,,SKIP,注文書のため対象外
2026/5/26 15:01,20250428_Ｍ365_注文書_14957312.pdf,,SKIP,注文書のため対象外
2026/5/26 15:01,20250602_Ｍ365_見積書・注文書_14972757.pdf,,SKIP,注文書のため対象外
2026/5/26 15:01,20250602_Ｍ365_見積書・注文書_14972759.pdf,,SKIP,注文書のため対象外
2026/5/26 15:01,20250610_Ｍ365_注文書_14972757.pdf,,SKIP,注文書のため対象外
2026/5/26 15:01,20250610_Ｍ365_注文書_14972759.pdf,,SKIP,注文書のため対象外
2026/5/26 15:01,20250715_Ｍ365_注文書_14990667.pdf,,SKIP,注文書のため対象外
2026/5/26 15:01,20250715_Ｍ365_見積書・注文書_14990667.pdf,,SKIP,注文書のため対象外
2026/5/26 15:01,20250801_Ｍ365_注文書_14997036.pdf,,SKIP,注文書のため対象外
2026/5/26 15:01,20250801_Ｍ365_見積書・注文書_14997036.pdf,,SKIP,注文書のため対象外
2026/5/26 15:01,20250918_Ｍ365_見積書・注文書_15014588.pdf,,SKIP,注文書のため対象外
2026/5/26 15:01,20250922_Ｍ365_注文書_15014588.pdf,,SKIP,注文書のため対象外
2026/5/26 15:01,20260210_M365_見積書・注文書_15068887.pdf,,SKIP,注文書のため対象外
2026/5/26 15:01,20260212_M365_注文書_15068887.pdf,,SKIP,注文書のため対象外
2026/5/26 15:01,20260218_Microsoft365ライセンス_見積書・注文書_15072399.pdf,,SKIP,注文書のため対象外
2026/5/26 15:01,20260305_M365更新_注文書_15072399.pdf,,SKIP,注文書のため対象外
2026/5/26 15:01,20260417_Microsoft365ライセンス_見積書_15095034.pdf,,SKIP,命名規則一致
2026/5/26 15:01,20260422_Microsoft365_注文書_15095034.pdf,,SKIP,注文書のため対象外
2026/5/26 15:01,20260508_Microsoft365ライセンス_見積書_15100746.pdf,,SKIP,命名規則一致
2026/5/26 15:01,20260513_Microsoft365ライセンス_注文書_15100746.pdf,,SKIP,注文書のため対象外
2026/5/26 15:01,20250314_モニター_見積書・注文書_14942951.pdf,,SKIP,注文書のため対象外
2026/5/26 15:01,20250317_モニター_注文書_14942951.pdf,,SKIP,注文書のため対象外
2026/5/26 15:01,20250623_モニター_見積書・注文書_14981218.pdf,,SKIP,注文書のため対象外
2026/5/26 15:01,20250701_モニター_注文書_14981218.pdf,,SKIP,注文書のため対象外
2026/5/26 15:01,20250627_周辺機器_見積書・注文書_14983642.pdf,,SKIP,注文書のため対象外
2026/5/26 15:01,20250701_周辺機器_注文書_14983642.pdf,,SKIP,注文書のため対象外
2026/5/26 15:01,20260415_周辺機器_見積書_15093853.pdf,,SKIP,命名規則一致
2026/5/26 15:01,20260422_周辺機器_注文書_15093853.pdf,,SKIP,注文書のため対象外
2026/5/26 15:01,20260427_周辺機器_見積書_15097987.pdf,,SKIP,命名規則一致
2026/5/26 15:01,20260512_周辺機器_見積書_15101617.pdf,,SKIP,oldフォルダ
2026/5/26 15:01,【20250909】見積書(15010986)_〇〇株式会社_〇〇様.pdf,,SKIP,oldフォルダ
2026/5/26 15:01,【20251024】見積／注文書(15027884)_〇〇株式会社_〇〇様.pdf,,SKIP,oldフォルダ
2026/5/26 15:01,見積／注文書(15083301)_〇〇株式会社_〇〇様.pdf,,SKIP,oldフォルダ
2026/5/26 15:01,見積／注文書(15090091)_〇〇株式会社_〇〇様.pdf,,SKIP,oldフォルダ
2026/5/26 15:01,見積／注文書(15092900)_〇〇株式会社_〇〇様.pdf,,SKIP,oldフォルダ
2026/5/26 15:01,見積／注文書(15097987)_〇〇株式会社_〇〇様.pdf,,SKIP,oldフォルダ
2026/5/26 15:01,20260408_モニター_見積書_15090787.pdf,,SKIP,oldフォルダ
2026/5/26 15:01,見積／注文書(15000313)_〇〇株式会社_〇〇様.pdf,,SKIP,oldフォルダ
2026/5/26 15:01,見積／注文書(15090787)_〇〇株式会社_〇〇様.pdf,,SKIP,oldフォルダ
2026/5/26 15:01,20250918_〇〇さんPC_見積書・注文書_15014732.pdf,,SKIP,注文書のため対象外
2026/5/26 15:01,20251006_〇〇さんPC_注文書_15014732.pdf,,SKIP,注文書のため対象外
2026/5/26 15:01,20251204_PC_見積書・注文書_15039008.pdf,,SKIP,注文書のため対象外
2026/5/26 15:01,20251212_PC_注文書_15039008.pdf,,SKIP,注文書のため対象外
2026/5/26 15:01,20251205_PC_見積書・注文書_15044244.pdf,,SKIP,注文書のため対象外
2026/5/26 15:01,20251209_PC_注文書_15044244.pdf,,SKIP,注文書のため対象外
2026/5/26 15:01,90807264_佐藤さんPC_請求書&納品書_20251226.PDF,,SKIP,注文書のため対象外
2026/5/26 15:01,20260114_PC_見積書・注文書_15056625.pdf,,SKIP,注文書のため対象外
2026/5/26 15:01,20260119_PC_注文書_15056625.pdf,,SKIP,注文書のため対象外
2026/5/26 15:01,20260203_PC_見積書・注文書_15065417.pdf,,SKIP,注文書のため対象外
2026/5/26 15:01,20260210_PC_注文書_15065417.pdf,,SKIP,注文書のため対象外
2026/5/26 15:01,20260109_PC_見積書・注文書_15055621.pdf,,SKIP,注文書のため対象外
2026/5/26 15:01,20260114_PC_注文書_15055621.pdf,,SKIP,注文書のため対象外
2026/5/26 15:01,見積書(15081518)_〇〇株式会社_〇〇様.pdf,,SKIP,oldフォルダ
2026/5/26 15:01,見積／注文書(15044245)_〇〇株式会社_〇〇様.pdf,,SKIP,oldフォルダ
2026/5/26 15:01,20250609_〇〇さんPC_見積書・注文書_14975919.pdf,,SKIP,注文書のため対象外
2026/5/26 15:01,20250611_〇〇さんPC_注文書_14975919.pdf,,SKIP,注文書のため対象外
2026/5/26 15:01,20260312_PC_見積書_15081474.pdf,,SKIP,命名規則一致
2026/5/26 15:01,20260326_PC_注文書_15081474.pdf,,SKIP,注文書のため対象外
2026/5/26 15:01,20250603_〇〇さんPC（新規）_見積書_14973450.pdf,,SKIP,命名規則一致
2026/5/26 15:01,20250604_〇〇さんPC_見積書・注文書_14973450.pdf,,SKIP,注文書のため対象外
2026/5/26 15:01,20250604_〇〇さんPC（新規）_見積書・注文書_14973450.pdf,,SKIP,注文書のため対象外
2026/5/26 15:01,20250609_〇〇さんPC_注文書_14973450.pdf,,SKIP,注文書のため対象外
2026/5/26 15:01,20250609_〇〇さんPC（新規）_注文書_14973450.pdf,,SKIP,注文書のため対象外
2026/5/26 15:01,【20250604】見積／注文書(14973450)_〇〇株式会社_〇〇様.pdf,,SKIP,同名ファイル既存
2026/5/26 15:01,【20250609】注文書(14973450).pdf,,SKIP,注文書のため対象外
2026/5/26 15:01,20260303_〇〇さんPC（不具合）_見積書・注文書_15077346.pdf,,SKIP,注文書のため対象外
2026/5/26 15:01,20260309_〇〇さんPC（不具合）_注文書_15077346.pdf,,SKIP,注文書のため対象外
2026/5/26 15:01,PCスペック情報 20250603.pdf,,SKIP,oldフォルダ
2026/5/26 15:01,DELLスペック詳細情報 20250512.pdf,,SKIP,oldフォルダ
2026/5/26 15:01,Dynabookスペック詳細情報 20250509.pdf,,SKIP,oldフォルダ
2026/5/26 15:01,HPスペック詳細情報 20250509.pdf,,SKIP,oldフォルダ
2026/5/26 15:01,【〇〇様】 Dynabook G83LY 構成 20250606.pdf,,SKIP,oldフォルダ
2026/5/26 15:01,【〇〇様】 Dynabook SJ73KY 構成 20250606.pdf,,SKIP,oldフォルダ
2026/5/26 15:01,見積書(14963277)_〇〇株式会社_〇〇様.pdf,,SKIP,oldフォルダ
2026/5/26 15:01,見積書(14974942)_〇〇株式会社_〇〇様.pdf,,SKIP,oldフォルダ
2026/5/26 15:01,【〇〇様】 PCスペック詳細情報 20250909.pdf,,SKIP,oldフォルダ
2026/5/26 15:01,【〇〇様】 PC作業詳細 20250909.pdf,,SKIP,oldフォルダ
2026/5/26 15:01,【20250310】注文書（まとめて3部）.pdf,,SKIP,oldフォルダ
2026/5/26 15:01,【20250408】×見積／注文書(14951962)_〇〇株式会社_〇〇様.pdf,,SKIP,oldフォルダ
2026/5/26 15:01,【20250408】×見積／注文書(14951963)_〇〇株式会社_〇〇様.pdf,,SKIP,oldフォルダ
2026/5/26 15:01,見積／注文書(15086229)_〇〇株式会社_〇〇様.pdf,,SKIP,oldフォルダ
2026/5/26 15:01,見積／注文書(15091317)_〇〇株式会社_〇〇様.pdf,,SKIP,oldフォルダ
2026/5/26 15:01,見積／注文書(15077088)_〇〇株式会社_〇〇様.pdf,,SKIP,oldフォルダ
2026/5/26 15:01,見積／注文書(15082327)_〇〇株式会社_〇〇様.pdf,,SKIP,oldフォルダ
2026/5/26 15:01,見積／注文書(15082328)_〇〇株式会社_〇〇様.pdf,,SKIP,oldフォルダ
2026/5/26 15:01,20260217_Adobe_見積書・注文書_15068646.pdf,,SKIP,oldフォルダ
2026/5/26 15:01,20260306_Active Gate・Vault_見積書_15079406.pdf,,SKIP,oldフォルダ
2026/5/26 15:01,【20250310】注文書（まとめて3部）.pdf,,SKIP,oldフォルダ
2026/5/26 15:01,見積／注文書(15079406)_〇〇株式会社_〇〇様.pdf,,SKIP,oldフォルダ
2026/5/26 15:01,JH6473_注文書_20260323.pdf,,SKIP,注文書のため対象外（B社）
2026/5/26 15:01,JH6473_見積書_20260317.pdf,,SKIP,命名規則一致（B社）
2026/5/26 15:01,JI8411_注文書_20260324.pdf,,SKIP,注文書のため対象外（B社）
2026/5/26 15:01,JI8411_見積書_20260323.pdf,,SKIP,命名規則一致（B社）
2026/5/26 15:01,JS5863_注文書_20260410.pdf,,SKIP,注文書のため対象外（B社）
2026/5/26 15:01,JS5863_見積書_20260408.pdf,,SKIP,命名規則一致（B社）
2026/5/26 15:01,JW5150_注文書_20260422.pdf,,SKIP,注文書のため対象外（B社）
2026/5/26 15:01,JW5150_見積書_20260416.pdf,,SKIP,命名規則一致（B社）
2026/5/26 15:01,KB0445　〇〇株式会社　〇〇様.pdf,KB0445_見積書_20260526.pdf,RENAMED,B社処理
2026/5/26 15:01,KF3653_注文書_20260518.pdf,,SKIP,注文書のため対象外（B社）
2026/5/26 15:01,KF3653_見積書_20260507.pdf,,SKIP,命名規則一致（B社）
2026/5/26 15:01,KG3792_注文書_20260520.pdf,,SKIP,注文書のため対象外（B社）
2026/5/26 15:01,JL9549　〇〇株式会社　〇〇様.pdf,,SKIP,oldフォルダ
2026/5/26 15:01,JO0469　〇〇株式会社　〇〇様.pdf,,SKIP,oldフォルダ
2026/5/26 15:01,KB0445　〇〇株式会社　〇〇様.pdf,,SKIP,oldフォルダ
